opportunity_id,customer_name,address,region,industry,product,budget_total,needs,related_project,related_customer,source_system,ingested_at
cc79a2ceb7d2d18a6707a768dff297a4,上海复大肿瘤医院管理集团有限公司,上海市宝山区逸仙路2816号14层,上海,医院,AnyBackup Enterprise 7,30.00,,上海复大肿瘤医院备份项目,上海复大肿瘤医院管理集团有限公司,AISHU,2025-10-02T03:14:20Z
791506db7a38026d52b4bac5df22ba48,东营齐润化工有限公司,广饶县丁庄镇政府驻地,东营,其他服务,AnyShare Enterprise 7,10.00,,东营齐润化工有限公司AS扩容升级项目,东营齐润化工有限公司,AISHU,2025-10-02T03:14:20Z
d772fdcd2785491afb36738d5b52116f,中品智能机械有限公司,山东省德州市齐河县经济开发区永雅路27号,德州,制造业,AnyBackup Enterprise 7,20.00,,中品智能机械有限公司数据备份,中品智能机械有限公司,AISHU,2025-10-02T03:14:20Z
7428c40e85c2e31ac43de8e6a0fc0ded,中国共产党潍坊市委员会办公室,"潍坊市胜利东街99号市级机关综合办公大楼, 中国共产党潍坊市寒亭区委员会机构编制委员会办公室",潍坊,公共事业,AnyBackup Enterprise 7,20.00,,中国共产党潍坊市委员会办公室25年续保,中共潍坊市委办公室,AISHU,2025-10-02T03:14:20Z
dfd03539b52d0af93e215b972f6e2da2,中国电波传播研究所青岛分所,"青岛市城阳区仙山东路36号, 青岛市青大一路19号",青岛,"工程勘察设计, 国防, 制造业","AnyBackup Enterprise 7, AnyBackup CDM 7 软件订阅服务, AnyBackup 6",33.00,AB维保+AB信创产品,中国电波传播研究所青岛分所备份,中国电波传播研究所青岛分所,AISHU,2025-10-02T03:14:20Z
34facaa8b6a1cb69691be60ffc1d2886,中国电波传播研究所青岛分所(中国电子科技集团公司第二十二研究所青岛分所),青岛市城阳区仙山东路36号,青岛,公共事业,AnyBackup Enterprise 7,10.00,,中国电波传播研究所备份升级扩容项目,中国电波传播研究所青岛分所,AISHU,2025-10-02T03:14:20Z
13694e940fa3696f8baebb6c03bf65c7,中国电波传播研究所青岛分所（中国电子科技集团公司第二十二研究所青岛分所）,青岛市城阳区仙山东路36号,青岛,国防,AnyBackup Enterprise 7,10.00,,,,AISHU,2025-10-02T03:14:20Z
6bdf647157998bca321a7e03ab11802e,中国石油化工股份有限公司青岛安全工程研究院,青岛市市南区延安三路218号,青岛,石油石化,AnyBackup Enterprise 7,20.00,,中国石油青岛安全工程研究院24年备份项目,中国石油化工股份有限公司青岛安全工程研究院,AISHU,2025-10-02T03:14:20Z
35e8d122a878a95af7ee55b71a229837,中国石油大学（华东）,山东省青岛市黄岛区长江西路66号,青岛,高教,AnyBackup Enterprise 7,10.00,,中国石油大学（华东）备份项目,中国石油大学（华东）,AISHU,2025-10-02T03:14:20Z
0e68219ccaa49ea66952259cf0d2c2cd,中石化安全工程研究院有限公司,山东省青岛市崂山区松岭路339号,青岛,石油石化,AnyBackup Enterprise 7,20.00,,中石化安全工程研究院有限公司备份项目,中石化安全工程研究院有限公司,AISHU,2025-10-02T03:14:20Z
6d5454cd784fd5183cb7aa778fa85de3,中石化经纬有限公司,山东省青岛市市南区台湾路4号,青岛,能源,AnyBackup Enterprise 7,20.00,,,,AISHU,2025-10-02T03:14:20Z
477aef9cf8b54db2f1312c37361d99f5,中船发动机有限公司,山东省青岛市黄岛区漓江东路501号,青岛,其他服务,AnyBackup Enterprise 8,10.00,,中国船舶重工集团柴油机有限公司扩容,中船发动机有限公司,AISHU,2025-10-02T03:14:20Z
f8a2ad2607f471643696edba9d6c6628,中节能万润股份有限公司,"开发区五指山路Ｅ－１小区-, 烟台市经济技术开发区五指山路11号",烟台,"其他服务, 制造业","AnyBackup Enterprise 7, AnyBackup Cloud 7",30.00,,烟台万润精细化工24备份项目,中节能万润股份有限公司,AISHU,2025-10-02T03:14:20Z
6dd361884fc749f253ddeb37a0dcbf97,中际旭创股份有限公司,山东省龙口市诸由观镇驻地,烟台,电子信息,AnyBackup Enterprise 7,20.00,,中际旭创股份有限公司备份项目,中际旭创股份有限公司,AISHU,2025-10-02T03:14:20Z
dc5f7fe94d4b6cd3d20638f3806cc5ac,临工重机股份有限公司,山东省济南市高新区科嘉路2676号,济南,"其他服务, 制造业","AnyBackup Enterprise 7, AnyBackup Cloud 7",30.00,,临工重机股份有限公司备份项目,临工重机股份有限公司,AISHU,2025-10-02T03:14:20Z
c7fedc7173ec9834635c933977b6e941,临沂投资发展集团有限公司,山东省临沂市兰山区北城新区临沂商会大厦1号楼701,临沂,消费与服务业,AnyBackup Enterprise 7,20.00,,,,AISHU,2025-10-02T03:14:20Z
013512c71c83580c1c99aecb98b2c53f,乖宝宠物食品集团股份有限公司,聊城市经济技术开发区牡丹江路8号,聊城,消费与服务业,AnyBackup Enterprise 7,10.00,,,,AISHU,2025-10-02T03:14:20Z
380280d60a83ab5d0452d17b14af46cc,五洲丰农业科技有限公司,山东省烟台市芝罘区华盛路20号,烟台,其他服务,AnyBackup 6,5.00,备份维保,五洲丰农业科技有限公司续保服务,五洲丰农业科技有限公司,AISHU,2025-10-02T03:14:20Z
76625ece17ed2b52aa0a296927e43e33,信发集团有限公司分公司新疆兵准信泓能源有限责任公司,新疆五家渠市人民北路3092号五家渠经济技术开发区综合办公楼246号,新疆,制造业,AnyBackup Express 7,10.00,,,,AISHU,2025-10-02T03:14:20Z
d133657efb2bfdef383704838944e66a,兖矿泰安港公铁水联运物流园二期项目智能化项目,山东省泰安市,泰安,公共事业,AnyBackup Enterprise 7,30.00,,,,AISHU,2025-10-02T03:14:20Z
2949eaa9a4ac30b11d993da9d27216af,共达电声股份有限公司,潍坊市坊子区凤山路68号,潍坊,制造业,AnyBackup Enterprise 7,10.00,,,,AISHU,2025-10-02T03:14:20Z
06f9efb5b79ad819260b4efcf6035e35,内乡县泰隆建材有限公司,内乡大桥灵山,河南,其他制造,AnyBackup Enterprise 7,30.00,,内乡县泰隆建材有限公司备份项目,内乡县泰隆建材有限公司,AISHU,2025-10-02T03:14:20Z
7b67308459380501c5d84d7b358431ca,内蒙古黄陶勒盖煤炭有限责任公司,内蒙古自治区鄂尔多斯市乌审旗乌兰陶勒盖前进村,内蒙古,其他制造,AnyBackup Enterprise 7,20.00,,内蒙古黄陶勒盖煤炭有限责任备份项目,内蒙古黄陶勒盖煤炭有限责任公司,AISHU,2025-10-02T03:14:20Z
8e04c36d1418d7770c19eadaa4e870ed,力诺集团股份有限公司,商河县力诺路与玉凯路交叉口西100米,济南,制造业,AnyBackup Cloud 1 标准版,15.00,,,,AISHU,2025-10-02T03:14:20Z
2991dc536cf81e0a3f66eca012d60d83,北京交通大学威海校区,威海市文登区南海新区现代路69号,威海,公共事业,AnyShare Express 7,20.00,,北京交通大学威海校区AS项目,北京交通大学（威海）,AISHU,2025-10-02T03:14:20Z
e6a68d324d8b49dfebe82bea06eb0f2d,北京华素制药股份有限公司,北京市房山区良乡镇工业开发区金光北街1号,北京,制造业,AnyBackup Enterprise 7,30.00,,,,AISHU,2025-10-02T03:14:20Z
eea4899cb533b51964c64dfae061b8a5,华丰动力股份有限公司,山东省潍坊市高新区樱前街7879号,潍坊,其他服务,AnyBackup Enterprise 7,20.00,,华丰动力股份有限公司备份项目24,华丰动力股份有限公司,AISHU,2025-10-02T03:14:20Z
4c1fd19254bf7bc24220e587a6088f09,华仁药业(日照)有限公司,山东省日照市东港区日照街道富阳路39号华仁药业日照有限公司富阳路39号,日照,制造业,AnyBackup Enterprise 7,20.00,,,,AISHU,2025-10-02T03:14:20Z
ebe08d928bc00d1f776dfa3da35d9353,南京诚志清洁能源有限公司,南京市江北新区长芦街道方水路118号,南京,制造业,AnyBackup Enterprise 7,20.00,,,,AISHU,2025-10-02T03:14:20Z
2e366051d74c48a7baf96d92be667532,博世华域转向系统（烟台）有限公司,山东省烟台市福山区永达街1000号,烟台,制造业,AnyShare Enterprise 7,10.00,,博世华域转向系统（烟台）有限公司-AS项目,博世华域转向系统（烟台）有限公司,AISHU,2025-10-02T03:14:20Z
f0a73a36b2bf067c058438340cd38bbb,卡奥斯化智物联科技（青岛）有限公司,山东省青岛市崂山区海尔路1号青岛海尔大型精密复杂模具,青岛,科技公司,AnyBackup Enterprise 7,15.00,,卡奥斯延长石油项目,卡奥斯化智物联科技（青岛）有限公司,AISHU,2025-10-02T03:14:20Z
9f55536ac8dda77d7b009eae01b5750c,双星集团有限责任公司,山东省青岛市黄岛区两河路666号,青岛,其他服务,AnyBackup Enterprise 7,20.00,,双星集团有限责任公司备份25,双星集团有限责任公司,AISHU,2025-10-02T03:14:20Z
456906dcd6b138286582486ee123a035,商河县人民法院,山东省济南市商河县鑫源路10号,济南,政府,AnyBackup Cloud 7,15.00,,,,AISHU,2025-10-02T03:14:20Z
ee751e3ce29d4f2c1b1464dda0dd83a8,国家税务总局济南市税务局,济南市市中区经五路169号,济南,政府,AnyBackup Enterprise 7,20.00,,,,AISHU,2025-10-02T03:14:20Z
6e20d92f1cbecdb74c8d44a856e4d150,国家税务总局聊城市茌平区税务局工会委员会,聊城市茌平区汇鑫路2006号报备所属地区：山东生态,聊城,公共事业,AnyBackup 订阅一体机,20.00,,,,AISHU,2025-10-02T03:14:20Z
219bf6c8688547c0aa05831085bde451,国家高速列车青岛技术创新中心,青岛市城阳区春阳路与龙游路交叉路口往东北约210米,青岛,公共事业,AnyBackup Enterprise 7,20.00,,,,AISHU,2025-10-02T03:14:20Z
832257d6259e04bbac38f69c87be74ae,城阳区人民医院,山东省青岛市城阳区城阳人民医院,青岛,公共事业,AnyBackup Enterprise 7,10.00,,,,AISHU,2025-10-02T03:14:20Z
ac96e92bcb12a79fb14061c884306237,天瑞磁悬浮智能科技（山东）有限公司,山东省潍坊高新区清池街道张营社区樱前街5201号,潍坊,制造业,AnyBackup Enterprise 7,10.00,,,,AISHU,2025-10-02T03:14:20Z
84def239887993540479031882046845,威海市中医院（山东中医药大学附属威海市中医院）,山东省威海市环翠区青岛北路29号,威海,公共事业,AnyBackup 订阅一体机,20.00,,,,AISHU,2025-10-02T03:14:20Z
0b7cc15bb49cc393afd4ac6c2d084cf4,威海市立医院,威海市环翠区和平路70号,威海,公共事业,AnyBackup Enterprise 7,10.00,,,,AISHU,2025-10-02T03:14:20Z
e42e2d11fb820ac2f1beee0d521e8cae,威海文旅发展集团有限公司,山东省威海市环翠区海滨北路101-2号,威海,消费与服务业,AnyBackup Enterprise 7,20.00,,威海文旅发展集团备份项目,威海文旅发展集团有限公司,AISHU,2025-10-02T03:14:20Z
636f7276cb2def1b8b516c2db6a74055,威海蓝海银行股份有限公司,威海火炬高技术产业开发区威高润和花园-30号,威海,金融,AnyBackup Enterprise 7,20.00,,,,AISHU,2025-10-02T03:14:20Z
b8d2d3005b28e920740a4790e0cd72d7,宁阳县人民法院,宁阳县复圣大街399号,泰安,政府,AnyBackup Enterprise 7,30.00,,,,AISHU,2025-10-02T03:14:20Z
ad19cebda359dfc23e957a6986e53ccf,宜品乳业（青岛）集团有限公司,山东省青岛市莱西市沽河街道办事处威海西路168号,青岛,制造业,AnyBackup Enterprise 7,20.00,,,,AISHU,2025-10-02T03:14:20Z
fb7872dbc5fcbf864f3694490a890e23,富海集团新能源控股有限公司,山东省东营市河口区海盛路与河雁路交叉路口向北500米路西,东营,能源,AnyBackup Enterprise 7,20.00,,,,AISHU,2025-10-02T03:14:20Z
47fbd5a0b38b6d7733f65e6bc57c9fa7,山东万通石油化工集团有限公司,东营区郝纯路,东营,石油石化,AnyBackup Express 7,15.00,50T备份一体机,山东万通石油化工集团备份项目,山东万通石油化工集团有限公司,AISHU,2025-10-02T03:14:20Z
0cdb8e5f913556f6ecd70b3a98e95872,山东东临新材料股份有限公司,山东省潍坊市临朐县龙山高新技术产业园蟠龙山路3130号,潍坊,制造业,AnyBackup Enterprise 7,10.00,,威海文旅发展集团备份项目,威海文旅发展集团有限公司,AISHU,2025-10-02T03:14:20Z
6524a7946b7180572a8fafe95e06841b,山东东润仪表科技股份有限公司,山东省烟台市莱山经济开发区秀林路1号,烟台,制造业,AnyBackup Enterprise 7,20.00,,,,AISHU,2025-10-02T03:14:20Z
a39a4b90a3a42726748cf3f69bccfe74,山东中医药高等专科学校,烟台市滨海东路508号,烟台,职教,AnyBackup Enterprise 7,20.00,,山东中医药高等专科学校备份项目,山东中医药高等专科学校,AISHU,2025-10-02T03:14:20Z
7410de2fc46eda94b74980905541bbe2,山东中新食品集团有限公司,中国（山东）自由贸易试验区济南片区经十路7000号汉峪金融商务中心A4-3号楼29层,济南,制造业,AnyBackup Enterprise 7,20.00,,山东中新食品集团有限公司备份,山东中新食品集团有限公司,AISHU,2025-10-02T03:14:20Z
e1d0b5677627c20a590e64735df39ff8,山东中烟工业有限责任公司青岛卷烟厂,青岛市崂山区株洲路137号,青岛,制造业,AnyBackup 订阅一体机,15.00,,,,AISHU,2025-10-02T03:14:20Z
ade9cc4c092587410e7d90a37205a11c,山东冠洲股份有限公司,山东省聊城市冠县振兴东路389号,聊城,制造业,AnyBackup Enterprise 7,15.00,,,,AISHU,2025-10-02T03:14:20Z
b4d12b8708d55bd93339e46a78ca8806,山东力诺特种玻璃股份有限公司,山东省济南市商河县玉皇庙镇政府驻地,济南,新材料,AnyBackup Express 7,20.00,,山东力诺特种玻璃股份有限公司数据备份,山东力诺特种玻璃股份有限公司,AISHU,2025-10-02T03:14:20Z
51a6b7d74a063bf4f835f0415935d59a,山东南山铝业股份有限公司,龙口市东江镇前宋村,烟台,其他制造,AnyBackup Enterprise 7,10.00,,山东南山铝业股份有限公司印尼备份,山东南山铝业股份有限公司,AISHU,2025-10-02T03:14:20Z
1a6099d894df418b605bb26e4f87b2d0,山东博苑医药化学股份有限公司,山东省寿光市侯镇海洋化工园区新海路与大九路路口北200米,潍坊,消费与服务业,AnyBackup Enterprise 7,20.00,,山东博苑医药化学股份有限公司备份项目,山东博苑医药化学股份有限公司,AISHU,2025-10-02T03:14:20Z
fecd48b7494de80aa0f412cf5c61ad6b,山东发展投资控股集团有限公司,山东省济南市高新区经十东路7000号汉峪金谷A3-5号楼39层,济南,金融,AnyBackup Enterprise 7,20.00,,,,AISHU,2025-10-02T03:14:20Z
dd160b1ac819526eb0e67414352567d0,山东合益气体股份有限公司,山东省东营市垦利区胜坨化工产业园胜景路3号,东营,制造业,AnyShare AutoSheets 7,20.00,,,,AISHU,2025-10-02T03:14:20Z
9af506e8f39c91392d20e10ffe2b58c1,山东君鲁塑料有限公司,临淄区齐鲁国际塑化城商务公馆3号楼1号,淄博,制造业,AnyBackup Enterprise 7,15.00,,,,AISHU,2025-10-02T03:14:20Z
4961e56a7ca64bb2ee4099e73312573b,山东唐口煤业有限公司,济宁市任城区南张镇李庙村,济宁,"其他服务, 能源","AnyBackup Enterprise 7, AnyBackup 订阅一体机, AnyBackup Cloud 7",25.00,,山东唐口煤业有限公司24备份项目,山东唐口煤业有限公司,AISHU,2025-10-02T03:14:20Z
e2a422a45e7a976c4cbf188e1fd1f63f,山东商业职业技术学院,济南市旅游路4516号,济南,公共事业,AnyBackup Enterprise 7,20.00,,,,AISHU,2025-10-02T03:14:20Z
26c327faf5d8d9ccb36f5893d1aeb32c,山东国瓷功能材料股份有限公司,山东省东营市东营区辽河路24号,东营,服务与零售,"AnyBackup 订阅一体机, AnyBackup Enterprise 7",50.00,,山东国瓷备份升级续保项目,山东国瓷功能材料股份有限公司,AISHU,2025-10-02T03:14:20Z
935eb8748ceac925f38cf726895c24ae,山东国舜建设集团有限公司,山东省济南市长清区济南经济开发区国舜路001号,济南,其他制造,AnyBackup Enterprise 7,10.00,,山东国舜建设集团有限公司备份项目,山东国舜建设集团有限公司,AISHU,2025-10-02T03:14:20Z
2b0d010e1ff22511b7e1de26cc6eaa2d,山东城市服务职业学院,烟台市高新区科创西路60号,烟台,公共事业,AnyBackup Enterprise 7,28.00,,,,AISHU,2025-10-02T03:14:20Z
3352861e5c6511bc87b7d8265bc5e666,山东大业股份有限公司,山东省潍坊市诸城市朱诸路北辛兴经济工业园,潍坊,其他服务,AnyBackup Enterprise 7,15.00,,山东大业股份有限公司备份项目,山东大业股份有限公司,AISHU,2025-10-02T03:14:20Z
7ac0c3593a901ce06bdcc250106349a9,山东大亚机械科技有限公司,山东省淄博市文昌湖区萌水镇中心大街288号,淄博,制造业,AnyShare Enterprise 6,10.00,,,,AISHU,2025-10-02T03:14:20Z
547fbfcbbd19eb4d6ab38a3037b7901b,山东天瑞重工有限公司,潍坊高新区银通街6699号,潍坊,制造业,AnyShare Express 7,20.00,,,,AISHU,2025-10-02T03:14:20Z
8b87aced51d89790879d2a312ff956dd,山东奥扬新能源投资控股有限公司,山东省潍坊市诸城市舜井路139号,潍坊,能源,AnyBackup Enterprise 7,20.00,,,,AISHU,2025-10-02T03:14:20Z
2d700fd4dc86c094bccce4bd11804401,山东奥扬新能源科技股份有限公司,山东省潍坊市诸城市北外环西首路北,潍坊,能源,AnyBackup Enterprise 7,20.00,,,,AISHU,2025-10-02T03:14:20Z
1a853ad2277cb22b55c999222bf33ace,山东寿光巨能控股集团有限公司,寿光市渤海南路1757号,潍坊,其他服务,AnyBackup Enterprise 7,20.00,,山东寿光巨能控股集团备份项目24,山东寿光巨能控股集团有限公司,AISHU,2025-10-02T03:14:20Z
895fda5ca5053112dfa0f1c3b41dfde2,山东峰士信息技术有限公司,山东省济南市高新区遥墙街道明远街2号中欧智造港18号多层厂房1单元101室、102室。,济南,公共事业,AnyShare Enterprise 7,20.00,,山东锋士信息备份项目,山东锋士信息技术有限公司,AISHU,2025-10-02T03:14:20Z
baef0be1d72d18e0a225a5701d8a9610,山东文化产业职业学院,青岛市莱西市学院路1号,青岛,"公共事业, 职教",AnyBackup Enterprise 7,50.00,,山东文化产业职业学院备份项目,山东文化产业职业学院,AISHU,2025-10-02T03:14:20Z
4eb7be5097b77fb55d97c4774fc0c20e,山东新华医疗器械股份有限公司,山东省淄博市高新技术产业开发区新华医疗科技园,淄博,生物医药,AnyBackup Enterprise 7,30.00,,山东新华医疗器械股份有限公司,山东新华医疗器械股份有限公司,AISHU,2025-10-02T03:14:20Z
3d9a386eba1cf42cdcb0ccd53bf00b52,山东新巨龙能源有限责任公司,山东省菏泽市巨野县龙固镇,菏泽,化工,AnyBackup Enterprise 7,20.00,,山东新巨龙能源备份,山东新巨龙能源有限责任公司,AISHU,2025-10-02T03:14:20Z
ab9b9c549eb72a27eec9841f6d7dadf5,山东旭锐新材股份有限公司,寿光羊口化工产业园（羊临路以西、东海路以北）,潍坊,新材料,AnyBackup Enterprise 7,20.00,,,,AISHU,2025-10-02T03:14:20Z
c3dd55a7a399c266578ddf57c9b59969,山东星宇手套有限公司,山东省潍坊市高密经济开发区姚前路中段,潍坊,服务与零售,AnyBackup Enterprise 7,2.00,,山东星宇手套有限公司备份24,山东星宇手套有限公司,AISHU,2025-10-02T03:14:20Z
7e3bc9be37d0fcaacb21314b8baaa229,山东桑莎制衣集团有限公司,山东省潍坊市诸城市广场路6号,潍坊,其他制造,AnyBackup Enterprise 7,10.00,,山东桑莎制衣集团有限公司备份项目,山东桑莎制衣集团有限公司,AISHU,2025-10-02T03:14:20Z
b70c85442d33f9faca2d0ef690b48802,山东永创材料科技有限公司,山东省潍坊市诸城市贾悦镇悦东化工产业园,潍坊,新材料,AnyBackup 订阅一体机,30.00,,山东永创材料备份项目,山东永创材料科技有限公司,AISHU,2025-10-02T03:14:20Z
26a64fa36fba9b783b1eb475e0d5fb50,山东沃华医药科技股份有限公司,山东省潍坊高新技术产业开发区梨园街3517号,潍坊,公共事业,AnyBackup Enterprise 7,10.00,,,,AISHU,2025-10-02T03:14:20Z
170ab85b0433094bcf60bc39282db155,山东济矿鲁能煤电股份有限公司阳城煤矿,济宁市汶上县郭楼镇张坝口村东,济宁,能源,AnyBackup Enterprise 7,10.00,,,,AISHU,2025-10-02T03:14:20Z
b8edcaf4ce0789021c8e88869d29a63c,山东海科化工有限公司,东营市东营区郝纯路西侧,东营,制造业,AnyBackup Enterprise 7,50.00,,,,AISHU,2025-10-02T03:14:20Z
a4d040e7cfae41a86bbe803bec2fe284,山东清源集团有限公司,淄博市临淄区金岭镇西首,淄博,制造业,AnyBackup Enterprise 7,20.00,,,,AISHU,2025-10-02T03:14:20Z
645923a90baa0b384af43dac2b0c682e,山东滨农科技有限公司,滨州市滨北办事处永莘路518号,滨州,消费与服务业,AnyBackup Enterprise 7,20.00,,山东滨农科技有限公司备份项目,山东滨农科技有限公司,AISHU,2025-10-02T03:14:20Z
d91efd3541242d3d2cabe56ae27daafd,山东潍坊润丰化工股份有限公司,山东省潍坊市滨海经济开发区氯碱路03001号,潍坊,化工,AnyBackup Enterprise 7,30.00,,山东潍坊润丰化工股份有限公司网盘以及备份,山东潍坊润丰化工股份有限公司,AISHU,2025-10-02T03:14:20Z
4f5bdd887bc99760b3a5c532f25bde5b,山东潍坊烟草有限公司,山东省潍坊市高新区清池街道府东社区健康东街6787号东方.昌大广场2号办公楼101层-1701层,潍坊,烟草,AnyBackup Enterprise 7,20.00,,山东潍坊烟草有限公司25年备份,山东潍坊烟草有限公司,AISHU,2025-10-02T03:14:20Z
c6b2adb36bf01bd3dad0137294d18e9c,山东瀚江环保科技有限公司,山东省济南市高新区经十路7000号汉峪金融商务中心一区3号楼1单元13层1301号-2,济南,制造业,AnyBackup Enterprise 7,30.00,备份需求,,,AISHU,2025-10-02T03:14:20Z
3a718b25fb0cc1b057e057bee4f1b664,山东玲珑轮胎股份有限公司,招远市金龙路777号,烟台,制造业,AnyBackup 订阅一体机,30.00,,,,AISHU,2025-10-02T03:14:20Z
1c6811db1bad30506497e50e24675c63,山东理工职业学院,山东省济宁市任城区荷花路6号,济宁,高教,AnyBackup Express 7,15.00,数据库备份一体机50T,,,AISHU,2025-10-02T03:14:20Z
7252571a866b9a2043c44cf459196774,山东瑞丰高分子材料股份有限公司,沂源县经济开发区,淄博,新材料,AnyBackup Enterprise 7,10.00,,山东瑞丰高分子材料股份有限公司备份,山东瑞丰高分子材料股份有限公司,AISHU,2025-10-02T03:14:20Z
b473e2de35e16d498db8deff64d832aa,山东瑞智飞控科技有限公司,山东省青岛市黄岛区车轮山路388号万鑫中央广场A座26楼,青岛,"制造业, 其他制造","AnyShare Family 7硬件一体机, AnyBackup 订阅一体机",20.00,50T备份一体机一台,山东瑞智飞控科技有限公司备份项目,山东瑞智飞控科技有限公司,AISHU,2025-10-02T03:14:20Z
af733a35957273095b6ba21853bcca22,山东百诺医药股份有限公司,中国（山东）自由贸易试验区济南片区崇华路以东世纪财富中心C座201,济南,制造业,AnyBackup Express 7,20.00,备份20T需求,,,AISHU,2025-10-02T03:14:20Z
c980acb69e0ac7017488534d452d697d,山东盛安贝新材料有限公司,济宁市任城区廿里铺街道葛亭煤矿院内,济宁,制造业,AnyBackup 订阅一体机,10.00,,,,AISHU,2025-10-02T03:14:20Z
ae7867cfcfff3857b387e71c8894f592,山东盛宝传热科技有限公司,山东省潍坊市安丘市新安街道锦山街与央赣路交汇处西北角,潍坊,制造业,AnyBackup Enterprise 7,10.00,,,,AISHU,2025-10-02T03:14:20Z
c2534f6efdeda76ea72faf2b7b6be555,山东省城市服务技师学院,烟台市高新区科创西路60号,烟台,公共事业,AnyBackup Enterprise 7,28.00,,,,AISHU,2025-10-02T03:14:20Z
a3d5036790572fdd91f808db2a17b9dd,山东第一医科大学附属肿瘤医院（山东省肿瘤防治研究院、山东省肿瘤医院）,山东省济南市青岛路6699号,济南,医院,AnyBackup Enterprise 7,10.00,,山东第一医科大学附属肿瘤医院AS项目,山东第一医科大学附属肿瘤医院（山东省肿瘤防治研究院、山东省肿瘤医院）,AISHU,2025-10-02T03:14:20Z
daf23e3796e98e6ee7ae2847d2c62c57,山东胜星化工有限公司,山东省东营市广饶县山东大王经济开发区胜利路3号,东营,制造业,AnyBackup Enterprise 7,20.00,,胜星化工DATA+AI项目,山东胜星化工有限公司,AISHU,2025-10-02T03:14:20Z
45c5cc65e98efde1719aa3cafe39f8a5,山东能源集团物资有限公司鲁南分公司,山东省枣庄市滕州市张汪镇颜村1060号,枣庄,石油石化,AnyBackup Enterprise 7,30.00,,山东能源集团物资有限公司鲁南分公司备份,山东能源集团物资有限公司鲁南分公司,AISHU,2025-10-02T03:14:20Z
108ffcd369a7e0a1ac69d50f5c049313,山东能源集团西北矿业有限公司,"陕西省西安市经济技术开发区张家堡街道红旗路2206号陕西省水务大厦28层,29层,30层",陕西,其他制造,AnyBackup Enterprise 7,20.00,,山东能源集团西北矿业有限公司备份项目,山东能源集团西北矿业有限公司,AISHU,2025-10-02T03:14:20Z
4bc95bc236e7c250b6c0c1d68a55b69e,山东能源集团鲁西矿业有限公司物资分公司,山东省菏泽市郓城县潘渡镇李楼村李楼煤矿西120米,菏泽,其他制造,AnyBackup 订阅一体机,10.00,,唐口煤业备份项目,山东能源集团鲁西矿业有限公司物资分公司,AISHU,2025-10-02T03:14:20Z
30dfc607f578447338ad487441f8952e,山东蓝天家具有限公司,淄博市周村区西外环路1237号,淄博,制造业,AnyBackup Enterprise 7,10.00,,,,AISHU,2025-10-02T03:14:20Z
fd712c8bee065d61228eec0b0bdd1ad9,山东郯城经济开发区管理委员会,郯城县经济开发区,临沂,其他政府,AnyBackup Enterprise 7,20.00,,山东郯城经济开发区管理委员会备份,山东郯城经济开发区管理委员会,AISHU,2025-10-02T03:14:20Z
4570f3a61f3e783f6c3bc08a6e066cbd,山东金力新材料科技有限公司,潍坊滨海经济技术开发区海港物流园经二路以北，纬四路以西,潍坊,制造业,AnyBackup 订阅一体机,20.00,,,,AISHU,2025-10-02T03:14:20Z
b57ea644ee48c0f32d35f0261c515ddb,山东金麒麟股份有限公司,山东省济南市济北开发区安顺街6号,济南,其他服务,AnyBackup Enterprise 7,20.00,,山东金麒麟股份有限公司备份和文档云项目,山东金麒麟股份有限公司,AISHU,2025-10-02T03:14:20Z
4b677c4d0c84a1c31139f10aa1e5017a,山东骐风新能源汽车有限公司,陵城区经济开发区迎宾街北首东侧,德州,制造业,AnyShare Enterprise 7,20.00,,,,AISHU,2025-10-02T03:14:20Z
894030ec707512e69f376d44f3b9ad1f,山东高速德建集团有限公司,山东省德州市经济技术开发区三八东路东城国际大厦,德州,其他服务,AnyBackup Enterprise 7,20.00,,山东高速德建集团有限公司备份项目,山东高速德建集团有限公司,AISHU,2025-10-02T03:14:20Z
f0abaf4ac850a57b8822e84486e51a4d,山东鲁西发电有限公司,山东省邹城市太平镇冯楼李街,济宁,能源,AnyBackup 订阅一体机,10.00,,,,AISHU,2025-10-02T03:14:20Z
362497bf60fb32fc79f1f228ae6d51f0,山东鸿峰建设工程有限公司,淄博,淄博,其他服务,AnyBackup Cloud 1 标准版,15.00,,山东鸿峰建设工程有限公司备份项目,山东鸿峰建设工程有限公司,AISHU,2025-10-02T03:14:20Z
a752fcb05a5247b5b20a78739031cf2f,山东黄金矿业（玲珑）有限公司,山东省招远市玲珑镇黄水路999号,烟台,其他制造,AnyBackup Enterprise 7,20.00,,山东黄金矿业（玲珑）有限公司备份项目,山东黄金矿业（玲珑）有限公司,AISHU,2025-10-02T03:14:20Z
773e87fa0b226b8bce2b4f73d231858e,山东默锐科技有限公司,寿光市羊口镇羊临路以西东海路以北,潍坊,科技公司,AnyBackup Enterprise 7,20.00,,山东默锐科技有限公司备份,山东默锐科技有限公司,AISHU,2025-10-02T03:14:20Z
d9c1fed75711d7486eff216ede4469c3,山东齐都药业有限公司,山东省淄博市临淄区宏达路17号,淄博,制造业,AnyBackup 6,10.00,,,,AISHU,2025-10-02T03:14:20Z
e36f0da12b0f25f763d7a68944e5dc0f,崂山风景区管理局（崂山风景区公共服务中心）,青岛市崂山区梅岭路29号附近,青岛,公共事业,AnyBackup Enterprise 7,10.00,,,,AISHU,2025-10-02T03:14:20Z
d7374b1364eb75e86701914d07092c70,平原县档案馆,平原县城区共青团路226号,德州,公共事业,AnyBackup 订阅一体机,10.00,,,,AISHU,2025-10-02T03:14:20Z
94148a37ac2cccc14f41c75adab619c2,平度市人民医院,平度市扬州路112号,青岛,"公共事业, 医院",AnyShare Enterprise 7,50.00,2000点AS云盘需求,平度市人民医院AS,平度市人民医院,AISHU,2025-10-02T03:14:20Z
91a3771e624be5c4c1a0526f981dd2a3,应急管理部化学品登记中心,山东省青岛市延安三路218号,青岛,消费与服务业,AnyBackup Enterprise 7,20.00,,,,AISHU,2025-10-02T03:14:20Z
a0896ed616e0116a801a94bd75bca39c,康复大学,山东省青岛市高新区登云路369号‌,青岛,公共事业,AnyBackup Enterprise 7,20.00,,,,AISHU,2025-10-02T03:14:20Z
72a6ea19d523a7cfc35faa4e84d75272,德州市妇幼保健院（德州市计划生育服务中心）,德州市东地中大街835号；开发区康博大道与天衢路交界口向北200米路西,德州,医院,AnyBackup 订阅一体机,20.00,50T备份一体机,德州妇幼备份项目2023,德州市妇幼保健院（德州市计划生育服务中心）,AISHU,2025-10-02T03:14:20Z
36ea786a9b690dde3e7ae788b504f23f,招远市自来水公司,招远市泉山路29号,烟台,政府,AnyBackup Express 7,15.00,,,,AISHU,2025-10-02T03:14:20Z
4d97ac096d38a3f0d9c7091238235f14,新恒汇电子股份有限公司,山东省淄博市高新区中润大道187号,淄博,半导体,"AnyBackup Enterprise 7, AnyBackup 订阅一体机",20.00,,新恒汇电子股份有限公司,新恒汇电子股份有限公司,AISHU,2025-10-02T03:14:20Z
388ffe8f28166ebb8283d2fbc080e70b,新疆拜城顺发矿业有限公司,新疆阿克苏地区拜城县铁热克镇米吉克煤矿,新疆,能源,AnyBackup Enterprise 7,20.00,,新疆拜城顺发矿业有限公司备份项目,新疆拜城顺发矿业有限公司,AISHU,2025-10-02T03:14:20Z
6932b439a1ca11484c5a33ba71c39ae5,日照华洋白求恩医院,日照市大连路以南、银川路以东。,日照,消费与服务业,AnyBackup Enterprise 7,20.00,,日照华洋白求恩医院备份项目,日照华洋白求恩医院,AISHU,2025-10-02T03:14:20Z
c675e57e7d0df1aaf9c859d74c9ce5cf,日照钢铁控股集团有限公司,山东省日照市岚山区滨海路600号,日照,"制造业, 装备制造",AnyBackup Enterprise 7,20.00,,日照钢铁备份项目,日照钢铁控股集团有限公司,AISHU,2025-10-02T03:14:20Z
a5ead0beeee275cdc28c0c7a40790320,景津装备股份有限公司,山东省德州市德城区崇德一大道以东,德州,其他服务,AnyBackup 订阅一体机,10.00,,景津装备股份有限公司备份项目,景津装备股份有限公司,AISHU,2025-10-02T03:14:20Z
dc1e90f432fe986999160ffdbcde034e,枣庄市人民医院,山东省枣庄市,枣庄,公共事业,AnyBackup Enterprise 7,20.00,,,,AISHU,2025-10-02T03:14:20Z
5aea8f1c354afe0015847651806ca5e8,枣庄市公安局,（新城）光明大道2277号,枣庄,"政府, 公安",AnyBackup Enterprise 7,20.00,,枣庄市公安局续保,枣庄市公安局,AISHU,2025-10-02T03:14:20Z
778a41a03c19b8b4f996e83815dfcf34,枣庄矿业集团新安煤业有限公司,济宁市微山县留庄镇,济宁,能源,AnyBackup 订阅一体机,20.00,,,,AISHU,2025-10-02T03:14:20Z
e080c8232996a6105ed5a1d81ea66952,枣庄矿业（集团）有限责任公司田陈煤矿,山东省枣庄市滕州市张汪镇,枣庄,制造业,AnyBackup Enterprise 7,30.00,,,,AISHU,2025-10-02T03:14:20Z
3ec7c269008879e984ff803a972e9242,枣庄矿业（集团）有限责任公司蒋庄煤矿,山东省枣庄市滕州市西岗镇蒋庄,枣庄,石油石化,AnyBackup Enterprise 7,30.00,,枣庄矿业（集团）有限责任公司蒋庄煤矿备份,枣庄矿业（集团）有限责任公司蒋庄煤矿,AISHU,2025-10-02T03:14:20Z
a22a23ccf881dc760d116fa952df2a87,汇中仪表股份有限公司,唐山高新技术产业开发区高新西道126号,河北,制造业,AnyBackup Enterprise 7,10.00,,,,AISHU,2025-10-02T03:14:20Z
d028421b3e48aac464f67cf5b6739ba3,河北奥冠电源有限责任公司,河北省衡水市故城县经济开发区奥冠大街南首东侧,河北,制造业,AnyBackup 订阅一体机,10.00,,,,AISHU,2025-10-02T03:14:20Z
67810004acf0a1360a19496c4fad14db,济南复大肿瘤医院有限公司,山东省济南市天桥区生产路8号-1,济南,医院,AnyBackup Express 7,30.00,,济南复大肿瘤医院有限公司备份项目,济南复大肿瘤医院有限公司,AISHU,2025-10-02T03:14:20Z
58e42cd3ad31656275ceb4d2bf7c1553,济南工程职业技术学院,山东省济南市章丘区经十东路6088号,济南,职教,AnyShare Enterprise 7,20.00,,济南工程职业技术学院AS国产化升级,济南工程职业技术学院,AISHU,2025-10-02T03:14:20Z
bcf871fb96c4812bc8dc7ca9bf9e5ac2,济南市中心医院,济南市解放路105号,济南,医院,AnyBackup Enterprise 7,1.00,,济南市中心医院,济南市中心医院,AISHU,2025-10-02T03:14:20Z
9b6a193fc0bda5dba4b1cd09df5855b6,济南市中西医结合医院,济南市历下区和平路38号,济南,医院,AnyBackup Enterprise 7,1.00,,济南市中西医结合医院备份,济南市中西医结合医院,AISHU,2025-10-02T03:14:20Z
0fb550e7e2a53e10fa4559447d1ffdff,济南市天桥区人民法院,山东省济南市天桥区无影山中路110号,济南,法院,AnyBackup Enterprise 7,20.00,,济南市天桥区人民法院24年备份项目,济南市天桥区人民法院,AISHU,2025-10-02T03:14:20Z
69e187905d07505cde86000943102f9f,济南市市政工程设计研究院（集团）有限责任公司,山东省济南市市中区二环南路3377号市政设计大厦501室,济南,消费与服务业,AnyBackup Enterprise 7,20.00,备份需求,,,AISHU,2025-10-02T03:14:20Z
96a5476b35c113b568bbd85d31b0992d,济南恒誉环保科技股份有限公司,山东省济南市长清区海棠路9889号,济南,消费与服务业,AnyShare Express 7,20.00,,济南恒誉环保科技股份有限公司数据备份,济南恒誉环保科技股份有限公司,AISHU,2025-10-02T03:14:20Z
254258bac3804cb17974ba4143fdf80b,济南职业学院,"济南市舜耕路12号, 山东省济南市历城区经十东路23000号",济南,公共事业,"AnyBackup Enterprise 7, AnyShare Enterprise 7",30.00,,济南职业学院25年续保,济南职业学院,AISHU,2025-10-02T03:14:20Z
38b38ff50a2560a11c64e09bfdb2ad6f,济南舜驰技术发展有限公司,中国（山东）自由贸易试验区济南片区舜泰广场6号楼31层3124房间,济南,消费与服务业,AnyBackup Enterprise 7,15.00,,,,AISHU,2025-10-02T03:14:20Z
ca0e874d2050675b2e187b3eb15d993c,济宁中稀天马数智化工厂,梁山县马营乡政府东侧1000米处,济宁,制造业,AnyBackup Enterprise 7,10.00,,,,AISHU,2025-10-02T03:14:20Z
5a5292b45f35cad5a659c651044dd8ff,济宁市卫健委,济宁市任城区英萃路,济宁,公共事业,AnyBackup Enterprise 7,10.00,,济宁市卫生健康委员会备份项目,济宁市卫生健康委员会（济宁市中医药管理局）,AISHU,2025-10-02T03:14:20Z
aa2f23aa99fd40d5f0f85fa7ed6bb5a1,济宁市金桥煤矿,济宁市金乡县高河乡徐楼村,济宁,能源,AnyBackup Enterprise 7,10.00,,,,AISHU,2025-10-02T03:14:20Z
1fc05c7f17a2dfacfb18279601b298af,济宁能源发展集团有限公司,济宁市崇文大道2299号,济宁,能源,AnyBackup Enterprise 7,10.00,,,,AISHU,2025-10-02T03:14:20Z
da5ce379d7156c74ce24a181c91512e8,浩宇集团有限公司,"山东省日照市莒县浩宇集团有限公司, 山东省日照市莒县经济开发区日照中路1号",日照,"消费与服务业, 其他服务","AnyBackup Enterprise 7, AnyBackup Enterprise 8",35.00,,浩宇集团备份,浩宇集团有限公司,AISHU,2025-10-02T03:14:20Z
894bf327b9bdbbc282735ee43795dbfa,海尔智家股份有限公司,青岛市崂山区海尔工业园内,青岛,消费与服务业,AnyBackup Enterprise 7,20.00,,,,AISHU,2025-10-02T03:14:20Z
2488ef2ffc5c2d2cb56d62d8814d0746,海尔消费金融有限公司,山东省青岛市崂山区海尔路1号甲1号楼,青岛,金融,AnyBackup Enterprise 7,20.00,,,,AISHU,2025-10-02T03:14:20Z
33ed50a61d4c630c92b06102c24e8468,海阳市人民法院,海阳市北京路81号,烟台,政府,AnyBackup Enterprise 7,15.00,,,,AISHU,2025-10-02T03:14:20Z
4ce79e38ce905f614d966d439a56b521,海阳市档案馆,海阳市海东路29号,烟台,其他服务,AnyBackup Enterprise 7,20.00,,海阳市档案馆24年备份项目,海阳市档案馆,AISHU,2025-10-02T03:14:20Z
e1a8e419468c410e0da7b0bc92ad5568,淄博市市级机关医院（淄博市健康管理医院）,淄博市张店区人民西路24号,淄博,医院,AnyBackup Enterprise 7,35.00,,淄博市市级机关医院备份项目,淄博市市级机关医院（淄博市健康管理医院）,AISHU,2025-10-02T03:14:20Z
f365e1da510f8d39af2c7e4ec0e120b1,淄博市张店区人民法院,淄博市张店区新村西路180号,淄博,政府,AnyBackup Enterprise 7,30.00,,,,AISHU,2025-10-02T03:14:20Z
46d714c709ff6d731dcc5b83a32a4fea,淄博市水务集团有限责任公司,山东省淄博市高新区张田路济青高速公路北邻,淄博,消费与服务业,AnyBackup Enterprise 7,30.00,,,,AISHU,2025-10-02T03:14:20Z
10d999c909f634e2f93f6fa41885c546,淄博市淄川区中医院,淄博市淄川区松龄东路37号,淄博,公共事业,AnyBackup Enterprise 7,30.00,,,,AISHU,2025-10-02T03:14:20Z
b2f07448597a27e32c22c064f65cd350,淄博星辰供水有限公司,山东省淄博市淄川区松龄东路45号,淄博,其他服务,AnyBackup 订阅一体机,15.00,10T备份一体机,淄博星辰供水有限公司备份,淄博星辰供水有限公司,AISHU,2025-10-02T03:14:20Z
93dfc2f30a47035a9bbacca9c4d51318,淄博芯材集成电路有限责任公司,山东省淄博市高新区齐祥路2670甲1号,淄博,半导体,AnyBackup Enterprise 7,20.00,,淄博芯材集成电路有限责任公司备份项目,淄博芯材集成电路有限责任公司,AISHU,2025-10-02T03:14:20Z
0a4b084d84fa4100c9609f25d44965b0,滨城沪滨医院,滨州市滨城区渤海五路661号,滨州,消费与服务业,AnyBackup Enterprise 7,20.00,,滨州滨城沪滨医院备份项目,滨州滨城沪滨医院,AISHU,2025-10-02T03:14:20Z
6993dfd81eaaa070d7de1d0d86254179,滨州亚光家纺有限公司,山东省滨州市滨城滨北办事处梧桐六路87号,滨州,消费与服务业,AnyBackup Enterprise 7,20.00,,,,AISHU,2025-10-02T03:14:20Z
a000434205d6a3db253524496fcf8f03,滨州职业学院,滨州市黄河十二路919号,滨州,公共事业,AnyBackup Enterprise 7,20.00,备份需求,,,AISHU,2025-10-02T03:14:20Z
bbe37d8f08a2d475a98d1cb35db7e59f,潍坊合鑫精密机械有限公司,山东省潍坊市坊子区正泰路与崇文街交叉口正泰路9号,潍坊,制造业,AnyShare Family 7硬件一体机,5.00,"数据保护,上云",,,AISHU,2025-10-02T03:14:20Z
dae95028b4e05620ba3e62dd3c24fd80,潍坊工程职业学院,"山东省青州市云门山南路8979号, 山东省潍坊市坊子区潍坊工程职业学院",潍坊,职教,"AnyShare Enterprise 7, AnyShare Express 6",70.00,,潍坊工程职业学院备份项目24,潍坊工程职业学院,AISHU,2025-10-02T03:14:20Z
27c9a5563a3830db45db20627aded05b,潍柴弗迪电池有限公司,山东省烟台市福山区永达街881号福山园管理委员会办公楼2层202室,烟台,其他制造,AnyBackup Enterprise 7,10.00,,潍柴弗迪电池有限公司备份项目,潍柴弗迪电池有限公司,AISHU,2025-10-02T03:14:20Z
44532058e82fa0dcaa746da7209166fe,烟台冰轮集团有限公司,山东省烟台市芝罘区冰轮路1号,烟台,电子信息,AnyBackup Enterprise 7,10.00,,烟台冰轮集团有限公司备份项目,烟台冰轮集团有限公司,AISHU,2025-10-02T03:14:20Z
6dd62c173b97af597a52804a45d93b95,烟台大学,山东省烟台市莱山区清泉路30号,烟台,高教,AnyBackup Cloud 7,10.00,,烟台大学数据备份项目,烟台大学,AISHU,2025-10-02T03:14:20Z
2b701e4fb0e59d5ae5aec04c61bae4ce,烟台市口腔医院,山东省烟台市芝罘区北马路19号,烟台,公共事业,AnyBackup Enterprise 7,20.00,,,,AISHU,2025-10-02T03:14:20Z
07d811a1feb98cf245e7dd17a05d4daa,烟台市芝罘区档案馆（烟台市芝罘区档案局）,烟台市芝罘区华茂街30号,烟台,公共事业,AnyBackup 订阅一体机,20.00,,,,AISHU,2025-10-02T03:14:20Z
f9ecd769a32c4e233e133bdbe7b28062,烟台睿创微纳技术股份有限公司,中国（山东）自由贸易试验区烟台片区南昌大街3号八角湾中央创新区国际科创中心C楼,烟台,制造业,AnyBackup 订阅一体机,10.00,,,,AISHU,2025-10-02T03:14:20Z
aba603df9c4bcb12531e9c2ac93db7df,烟台高新技术产业开发区医院,烟台高新区海澜路9号,烟台,医院,AnyBackup 订阅一体机,50.00,,烟台高新技术产业开发区医院,烟台高新技术产业开发区医院,AISHU,2025-10-02T03:14:20Z
8ad591adcc5135ed916586b279793f37,烟建集团有限公司,山东省烟台市芝罘区南洪街100号,烟台,其他制造,AnyBackup Enterprise 7,20.00,,烟建集团档案馆备份项目,烟建集团有限公司,AISHU,2025-10-02T03:14:20Z
6c6386d720bba40f74156013a58ed197,积成电子股份有限公司,济南市科航路1677号,济南,消费与服务业,AnyShare Enterprise 7,20.00,,积成电子股份有限公司,积成电子股份有限公司,AISHU,2025-10-02T03:14:20Z
bc5c811c800c00c3b562f72c26d2d1ab,聊城市东昌府区妇幼保健院,聊城市振兴西路129号,聊城,公共事业,AnyBackup Enterprise 7,20.00,备份需求,,,AISHU,2025-10-02T03:14:20Z
9f5213ddbe0a97fa47bbaa426921e00c,聚纳达（青岛）科技有限公司,山东省青岛市李沧区金水路187号4号楼6楼,青岛,"制造业, 其他服务","AnyBackup Master Server 7 软件订阅服务, AnyBackup Enterprise 7",25.00,AB设备维保,聚纳达（青岛）科技有限公司备份项目,聚纳达（青岛）科技有限公司,AISHU,2025-10-02T03:14:20Z
fc021b96b25831debbc7e9d975edf8e7,胜星集团有限责任公司,广饶县山东大王经济开发区胜利路16号,东营,制造业,AnyBackup Express 7,20.00,,胜星化工DATA+AI数据智能项目,胜星集团有限责任公司,AISHU,2025-10-02T03:14:20Z
9e384c35262780262ed63bf6ea4fdb67,自然资源部北海生态中心,山东省青岛市市北区抚顺路22号,青岛,公共事业,AnyBackup Enterprise 7,20.00,,国家海洋局北海环境监测中心电子卖场备份项目,国家海洋局北海环境监测中心（中国海监北海区检验鉴定中心）,AISHU,2025-10-02T03:14:20Z
d418de4300dea1caae1c5744de95fd3b,艾坦姆合金（山东）有限公司,山东省济宁市邹城市北宿镇富唐路1号,济宁,制造业,AnyBackup Enterprise 7,10.00,,,,AISHU,2025-10-02T03:14:20Z
1e7c9d88135162340ce732fd3fae188c,莱西市中医医院,莱西市文化路11号,青岛,"公共事业, 医院","AnyBackup 订阅一体机, AnyBackup Enterprise 7, 爱数 AnyBackup Family 7 软件订阅服务",30.00,AB50T备份一体机,莱西市中医医院,莱西市中医医院,AISHU,2025-10-02T03:14:20Z
e6dea2497d3b27b9da810596da7ca72f,莱西市人民医院,山东省青岛市莱西市烟台路69号,青岛,消费与服务业,AnyBackup Enterprise 7,20.00,,,,AISHU,2025-10-02T03:14:20Z
2dba56adefcb598dac3b7bab487559c7,莱西市第三人民医院,莱西市夏格庄镇驻地,青岛,"公共事业, 医院","AnyBackup 订阅一体机, AnyBackup Enterprise 7",42.00,50T备份一体机,莱西市第三人民医院（莱西市夏格庄中心卫生院）,莱西市第三人民医院,AISHU,2025-10-02T03:14:20Z
868a9f9cfa39a4434d421f1d7533c45b,莱钢集团莱芜矿业有限公司职工医院,山东省莱芜市莱城区鲁中西大街71号,济南,公共事业,AnyBackup Enterprise 7,10.00,,,,AISHU,2025-10-02T03:14:20Z
5ce43243470be100b204693bdcd74f13,诸城东晓生物科技有限公司,山东省潍坊市诸城市辛兴镇驻地,潍坊,消费与服务业,AnyBackup 订阅一体机,20.00,,,,AISHU,2025-10-02T03:14:20Z
70ce545d5c2b790ffc71a3903e7f4c28,银丰（济南）医院有限公司,山东省济南市历下区凤山路2001号银丰医疗广场,济南,公共事业,AnyBackup 订阅一体机,10.00,,,,AISHU,2025-10-02T03:14:20Z
87120dcb58d437336645e0cb1e098ca1,雷沃重工集团有限公司,山东省青岛市黄岛区黄河东路75号,青岛,制造业,AnyBackup Enterprise 7,10.00,,,,AISHU,2025-10-02T03:14:20Z
231479980b74b9be4f123d1c1d72b7cb,青岛三元集团股份有限公司,青岛市市北区黑龙江南路125号,青岛,制造业,AnyBackup Cloud 7,10.00,,,,AISHU,2025-10-02T03:14:20Z
83ba0ffafdb37eb2ba94b81aad01b40a,青岛中远海运通导科技有限公司,山东省青岛市市南区香港中路61号阳光大厦A座5层,青岛,制造业,AnyBackup Enterprise 7,20.00,,,,AISHU,2025-10-02T03:14:20Z
ed922ed4023145376184d546cf479718,青岛中集普威新能源科技有限公司,中国（山东）自由贸易试验区青岛片区黄河东路1号,青岛,新材料,AnyBackup 订阅一体机,40.00,,青岛中集数据备份项目,青岛中集普威新能源科技有限公司,AISHU,2025-10-02T03:14:20Z
f2ca2f0c30213b1affb5359c272692fb,青岛中集集装箱制造有限公司,青岛经济技术开发区黄河东路1号,青岛,制造业,AnyBackup Express 7,20.00,备份产品,,,AISHU,2025-10-02T03:14:20Z
c05c01adbc01ca1583d24ecf62cff587,青岛云路先进材料技术股份有限公司,山东省青岛市即墨市蓝村镇鑫源东路7号,青岛,"制造业, 其他服务","AnyBackup Enterprise 7, AnyBackup 订阅一体机",23.00,备份产品维保,青岛云路备份维保项目,青岛云路先进材料技术股份有限公司,AISHU,2025-10-02T03:14:20Z
a1c89ccec7a42f22b442e56554bf9a49,青岛公交集团有限责任公司,山东省青岛市市北区沈阳路46号,青岛,大交通,AnyBackup Enterprise 7,20.00,,青岛公交集团有限责任公司25年备份,青岛公交集团有限责任公司,AISHU,2025-10-02T03:14:20Z
4433586f7ee9d030f76f5f72e0d5ebe3,青岛华赛伯曼医学细胞生物有限公司,山东省青岛市城阳区刘家台社区浦东路3号办公楼4楼426室,青岛,制造业,AnyShare Enterprise 6,10.00,,,,AISHU,2025-10-02T03:14:20Z
37947adbd7e3ff135348ff88a6b96079,青岛国信城市信息科技有限公司,山东省青岛市黄岛区九龙江路63号,青岛,消费与服务业,AnyBackup Enterprise 7,20.00,,青岛国信备份扩容项目,青岛国信城市信息科技有限公司,AISHU,2025-10-02T03:14:20Z
5c2928980914e3060a1c1e2276f99deb,青岛国际机场集团有限公司,山东省青岛市胶州市胶东街道航安南路8号,青岛,民航,AnyBackup Enterprise 7,20.00,,青岛国际机场集团有限公司/电销,青岛国际机场集团有限公司,AISHU,2025-10-02T03:14:20Z
061012b2c6a00f64a610e02aba504c32,青岛城市学院,山东省青岛市城阳区铁骑山路79号-1号,青岛,高教,AnyBackup Enterprise 7,20.00,,青岛城市学院备份24,青岛城市学院,AISHU,2025-10-02T03:14:20Z
e21bfbe11103af947683943b3903d163,青岛城阳古镇正骨医院,"青岛市城阳区银河路518号, 山东省青岛市城阳区银河路518号",青岛,"公共事业, 医院","AnyBackup Enterprise 7, AnyBackup 6 华为定制版, AnyBackup 6",35.00,备份扩容模块,青岛城阳古镇正骨医院数据备份,青岛城阳古镇正骨医院,AISHU,2025-10-02T03:14:20Z
c888a359029bda59a91f1d68ce186c13,青岛天能重工股份有限公司,青岛胶州市李哥庄镇大沽河工业园,青岛,制造业,AnyBackup 订阅一体机,20.00,,,,AISHU,2025-10-02T03:14:20Z
24a5971edb42e9e08d9f281ba7f2a7e5,青岛工程职业学院,山东省青岛市城阳区上马街道龙翔路中段,青岛,高教,AnyBackup Enterprise 7,10.00,,青岛工程职业学院数据备份项目,青岛工程职业学院,AISHU,2025-10-02T03:14:20Z
f5a803b4041bb667d5b3c5c8f72d9c1f,青岛市城阳区人民医院,"青岛市城阳区长城路, 青岛市城阳区长城路600号",青岛,"公共事业, 消费与服务业","AnyShare Family 7硬件一体机, AnyBackup Enterprise 7",50.00,1500人云盘,青岛市城阳区人民医院备份容灾项目,青岛市城阳区人民医院,AISHU,2025-10-02T03:14:20Z
23ac2d6a14a0adf14cda75ab59a5fa4a,青岛市崂山区电子政务和大数据中心,青岛市银川东路49号西楼311室,青岛,公共事业,AnyBackup Enterprise 7,20.00,,青岛市崂山区电子政务和大数据中心备份项目,青岛市崂山区电子政务和大数据中心,AISHU,2025-10-02T03:14:20Z
5f4a8f49fe306ac20c13d0a763c10a3e,青岛市崂山风景名胜区管理局,"青岛市崂山区梅岭路29号, 山东省青岛市崂山区梅岭路29号",青岛,"公共事业, 其他政府","AnyBackup Express 7, AnyBackup Enterprise 7",20.00,,青岛市崂山风景名胜区管理局25备份,青岛市崂山风景名胜区管理局,AISHU,2025-10-02T03:14:20Z
aef8ba4bd4ccda90889bffc0fd877655,青岛市琴岛通卡股份有限公司,山东省青岛市黄岛区九龙江路63号综合办公楼,青岛,大交通,AnyBackup Enterprise 7,20.00,,青岛市琴岛通25年数据备份,青岛市琴岛通卡股份有限公司,AISHU,2025-10-02T03:14:20Z
b14355663977c25edfaa5e522b688877,青岛幼儿师范高等专科学校,山东省青岛市胶州经济技术开发区淮河路1007号,青岛,职教,AnyBackup Enterprise 8,15.00,一台100T备份一体机设备,青岛幼儿师范备份项目2,青岛幼儿师范高等专科学校,AISHU,2025-10-02T03:14:20Z
c58f2d13cdbd9569f189c71b636c712e,青岛悠进电装有限公司,山东省青岛市城阳区惜福镇街道铁骑山路66号,青岛,制造业,AnyBackup Cloud 7,10.00,,,,AISHU,2025-10-02T03:14:20Z
a792d13b1d75a308bf4e0fa141546402,青岛新卓越包装有限公司,山东省青岛市胶州市洋河镇工业园千山北路(近S328),青岛,制造业,AnyBackup Enterprise 8,20.00,,青岛新卓越包装有限公司备份,青岛新卓越包装有限公司,AISHU,2025-10-02T03:14:20Z
2a1e5890c489959b495b0d8be1543641,青岛新核芯科技有限公司,中国（山东）自由贸易试验区青岛片区太白山路172号中德生态园双创中心3732室（经营场所：青岛市黄岛区王台镇国老山路2127号）,青岛,制造业,AnyBackup Enterprise 7,70.00,50T备份一体机新购,,,AISHU,2025-10-02T03:14:20Z
ad86f66f480cf77685f4bfcf6bd9cd29,青岛新河科技产业城开发建设有限公司,山东省青岛市平度市新河生态化工科技产业基地春潮路1号,青岛,消费与服务业,AnyBackup Enterprise 7,20.00,,青岛新河科技产业城备份项目,青岛新河科技产业城开发建设有限公司,AISHU,2025-10-02T03:14:20Z
8f79c1c7a1c53a7f24336e73ca839614,青岛旅游集团有限公司,青岛市市南区澳门路121号甲,青岛,服务与零售,AnyBackup Enterprise 7,20.00,,青岛旅游集团有限公司备份,青岛旅游集团有限公司,AISHU,2025-10-02T03:14:20Z
680d8129a2ad32b0cd45a6a4b185dcf5,青岛易汇联供应链管理有限公司,山东省青岛市胶州市中云街道西宋路32号东宋社区商业楼136室,青岛,食品,AnyBackup Enterprise 7,20.00,,青岛易汇联供应链管理有限公司备份项目,青岛易汇联供应链管理有限公司,AISHU,2025-10-02T03:14:20Z
5fdb20dab8558708aa3787241727d3f6,青岛易汇航供应链管理有限公司,山东省青岛市市南区东海西路1号3号楼2102户,青岛,制造业,AnyBackup Enterprise 7,20.00,,,,AISHU,2025-10-02T03:14:20Z
2a32acfe1cfdb3ca2b0c817ce6bb6925,青岛易航线网络科技有限公司,山东省青岛市市北区山东路171号乙1301室,青岛,制造业,AnyBackup Enterprise 7,10.00,,,,AISHU,2025-10-02T03:14:20Z
efeaeb490fb9644f08a8b825929eda6f,青岛易航道物流科技有限公司,山东省青岛市市南区宁夏路288号3号楼106室0468（集中办公区）,青岛,科研单位,AnyBackup Enterprise 7,10.00,,易航道物流科技备份项目,青岛易航道物流科技有限公司,AISHU,2025-10-02T03:14:20Z
a0110882ddc1f0ed3c355f2bfd26ddeb,青岛易邦生物工程有限公司,山东省青岛市城阳区红岛街道岙东南路21号,青岛,消费与服务业,AnyBackup Enterprise 7,20.00,,青岛易邦生物工程有限公司,青岛易邦生物工程有限公司,AISHU,2025-10-02T03:14:20Z
487636026429e7db9f7bbc1acc06d098,青岛易链供应链服务有限公司,山东省青岛市市南区宁夏路288号3号楼106室0060（集中办公区）,青岛,制造业,AnyBackup Enterprise 7,20.00,,,,AISHU,2025-10-02T03:14:20Z
b4edda967422286cb67c4f7810f00b83,青岛柏兰集团有限公司,山东省青岛市胶州市广州北路845号,青岛,消费与服务业,AnyBackup 订阅一体机,20.00,50T备份一体机,,,AISHU,2025-10-02T03:14:20Z
97bafcacdadbbb637d296b5d2ad9a1c0,青岛柏兰食品有限公司,山东省青岛市胶州市广州北路845号,青岛,"消费与服务业, 食品",AnyBackup 订阅一体机,20.00,,青岛柏兰食品备份项目,青岛柏兰食品有限公司,AISHU,2025-10-02T03:14:20Z
e9b5bd931c25198de36cb86d85db0535,青岛水务集团有限公司,山东省青岛市崂山区宁德路20号,青岛,公共事业,AnyBackup Enterprise 7,20.00,,青岛水务集团有限公司备份升级扩容项目,青岛水务集团有限公司,AISHU,2025-10-02T03:14:20Z
6ac959f38d6b414f177e35d315bcbe89,青岛汇泽丰智能装备有限公司,山东省青岛市市北区龙城路31号3号楼3320户,青岛,其他服务,AnyBackup Cloud 7,10.00,,青岛汇泽丰智能装备有限公司——AB/线上电销组/8072,青岛汇泽丰智能装备有限公司,AISHU,2025-10-02T03:14:20Z
75d260962c558462590235724bc2e56f,青岛汉缆股份有限公司,青岛市崂山区九水东路628号（含东西厂区）,青岛,制造业,AnyBackup Enterprise 7,20.00,,,,AISHU,2025-10-02T03:14:20Z
1a2e64876683321c87eeeea7e4b254d4,青岛河钢新材料科技股份有限公司,中国山东青岛西海岸新区前湾港路107号，266510,青岛,公共事业,AnyBackup Enterprise 7,10.00,,,,AISHU,2025-10-02T03:14:20Z
60f51aaa25746c951274b041ff0b33ba,青岛海上综合试验场(一期),山东省青岛市,青岛,公共事业,AnyBackup Enterprise 7,10.00,,,,AISHU,2025-10-02T03:14:20Z
de925a4af9918eb2b0c22e401fff1a20,青岛海上综合试验场有限公司,山东省青岛市即墨区鳌山卫街道齐云山二路162号,青岛,公共事业,AnyBackup Enterprise 7,20.00,,,,AISHU,2025-10-02T03:14:20Z
f3c8e8e9b7ec8d38e5f21e92bde37c80,青岛海尔科技有限公司,青岛市崂山区海尔工业园,青岛,科技公司,AnyBackup Enterprise 7,20.00,,海尔科技有限公司数据备份项目,青岛海尔科技有限公司,AISHU,2025-10-02T03:14:20Z
fdd56bf37ac99a5282b5e588269b016e,青岛海检集团有限公司,"山东省青岛市即墨区齐云山一路118号, 山东省青岛市即墨市蓝村镇鑫源东路7号",青岛,"公共事业, 消费与服务业, 制造业, 其他服务","AnyBackup Enterprise 7, AnyBackup Cloud 7",95.00,3台AB做分布式备份,青岛海检集团有限公司备份项目,青岛海检集团有限公司,AISHU,2025-10-02T03:14:20Z
e9aa39e7c3607ebc853c39bc0ea94113,青岛海泰科模塑科技股份有限公司,山东省青岛市城阳区棘洪滩街道锦盛二路66号,青岛,制造业,AnyShare Enterprise 7,20.00,,青岛海泰科模塑科技备份项目,青岛海泰科模塑科技股份有限公司,AISHU,2025-10-02T03:14:20Z
e68169c9dc141861accce882609ebb58,青岛海洋投资集团有限公司,山东省青岛市黄岛区漓江西路877号山东高速西海岸中心T1楼2202户,青岛,"消费与服务业, 制造业, 其他服务","AnyBackup Enterprise 7 软件订阅服务, AnyBackup 6, AnyBackup Enterprise 7, AnyBackup Express 7",7.00,爱数备份产品维保服务,青岛海洋投资集团有限公司备份项目,青岛海洋投资集团有限公司,AISHU,2025-10-02T03:14:20Z
b348d3efbd046acece0bfe1f89f4b1fe,青岛海湾精细化工有限公司,山东省青岛市平度市新河生态化工科技产业基地晋水路1号,青岛,其他服务,AnyShare Enterprise 7,20.00,,青岛海湾精细化工有限公司备份,青岛海湾精细化工有限公司,AISHU,2025-10-02T03:14:20Z
3e747f9d41a8d6964f2c5c6134df4b61,青岛清原作物科学有限公司,中国（山东）自由贸易试验区青岛片区青龙河路53号2号楼301室,青岛,制造业,AnyBackup Enterprise 7,10.00,,,,AISHU,2025-10-02T03:14:20Z
2692449f836e19ac5ec192a2fcac7da3,青岛港湾职业技术学院,青岛经济技术开发区崇明岛西路65号,青岛,职教,AnyBackup Enterprise 7,30.00,,青岛港湾职业技术学院24备份,青岛港湾职业技术学院,AISHU,2025-10-02T03:14:20Z
ef718af221a878a5fa0b3bc6d925b2db,青岛特殊钢铁有限公司,山东省青岛市黄岛区泊里镇集成路1886号,青岛,制造业,AnyBackup Enterprise 7,10.00,,青岛特殊钢铁有限公司备份项目25,青岛特殊钢铁有限公司,AISHU,2025-10-02T03:14:20Z
b78ba467f49209e07b23878a65886819,青岛科技大学,山东省青岛市黄岛区前湾港路579号,青岛,公共事业,AnyBackup Enterprise 7,20.00,,,,AISHU,2025-10-02T03:14:20Z
600a6abcb1bcb54b847968accc30b229,青岛蓝湾信息科技有限公司,山东省青岛市高新区火炬路91号1号楼501户,青岛,消费与服务业,AnyBackup Enterprise 7,20.00,,青岛蓝湾备份项目,青岛蓝湾信息科技有限公司,AISHU,2025-10-02T03:14:20Z
aa9be8560c933033e27eff8235ce4ae8,青岛融易宝企业服务有限公司,山东省青岛市市北区威海路273号8018室,青岛,其他服务,AnyBackup Enterprise 7,20.00,,青岛融易宝企业服务有限公司备份项目,青岛融易宝企业服务有限公司,AISHU,2025-10-02T03:14:20Z
cab49f37647067b06e2cb4bed5e829df,青岛诚志华青新材料有限公司,山东省青岛市黄岛区港兴大道17号3栋1单元1113,青岛,制造业,AnyShare Enterprise 7,15.00,,,,AISHU,2025-10-02T03:14:20Z
7abfb132e99a0ef6b2939ed675b394c8,青岛达能环保设备股份有限公司,山东省青岛市胶州市胶北街道胶北工业园达能路3号,青岛,制造业,AnyBackup Enterprise 7,20.00,,青岛达能环保设备备份项目,青岛达能环保设备股份有限公司,AISHU,2025-10-02T03:14:20Z
ea2943a37d00a85ea03d18d5bb5f26db,青岛远洋船员职业学院,山东省青岛市黄岛区海军路1166号,青岛,"公共事业, 职教",AnyBackup Enterprise 7,30.00,备份一体机,青岛远洋船员职业学院备份项目,青岛远洋船员职业学院,AISHU,2025-10-02T03:14:20Z
3c39ebab98bcbefbbc90cbea080e0f68,青岛青特产城集团有限公司,山东省青岛市城阳区靖城路623号1号楼办公901,青岛,制造业,AnyBackup Enterprise 7,20.00,,,,AISHU,2025-10-02T03:14:20Z
679d96c2953860b825ed71bf41b6a81f,青岛黄海学院,山东省青岛西海岸新区灵海路1145号,青岛,高教,AnyBackup Enterprise 7,20.00,,青岛黄海学院备份,青岛黄海学院,AISHU,2025-10-02T03:14:20Z
6bf1e318d51f6202fbde314729837460,青银理财有限责任公司,山东省青岛市崂山区秦岭路19号1号楼青岛环球金融中心（WFC协信中心）37-40层）,青岛,金融,AnyShare Enterprise 7,20.00,,,,AISHU,2025-10-02T03:14:20Z
7870e7d8a0d38327c939d9881177b9f2,领先未来科技集团有限公司,北京市东城区永定门外大街86号5号楼一层111室,北京,制造业,AnyBackup Enterprise 7,10.00,,,,AISHU,2025-10-02T03:14:20Z
692b6d2b1275d67198493edb34c54125,颐中（青岛）印务有限公司,山东省青岛市市北区德兴路28号,青岛,制造业,AnyBackup Enterprise 7,10.00,,颐中（青岛）印务有限公司备份项目,颐中（青岛）印务有限公司,AISHU,2025-10-02T03:14:20Z
